{"stats":{"minecraft:custom":{"minecraft:time_since_rest":45430,"minecraft:crouch_one_cm":826,"minecraft:play_time":45430,"minecraft:sprint_one_cm":156970,"minecraft:walk_one_cm":275727,"minecraft:damage_taken":569,"minecraft:damage_absorbed":4,"minecraft:sneak_time":122,"minecraft:walk_under_water_one_cm":661,"minecraft:drop":2,"minecraft:jump":398,"minecraft:damage_dealt":438,"minecraft:walk_on_water_one_cm":696,"minecraft:time_since_death":45430,"minecraft:total_world_time":45430,"minecraft:damage_dealt_absorbed":84,"minecraft:fly_one_cm":133655,"minecraft:fall_one_cm":6196,"minecraft:player_kills":2},"minecraft:used":{"minecraft:dirt":1,"minecraft:sweet_berries":34,"minecraft:bread":6,"epicfight:uchigatana":11},"minecraft:picked_up":{"hexerei:sage_seed":1,"minecraft:sweet_berries":59,"paraglider:spirit_orb":1,"minecraft:dirt":2},"minecraft:mined":{"minecraft:grass_block":1,"minecraft:dead_bush":1,"minecraft:sweet_berry_bush":20,"minecraft:ice":9,"minecraft:fern":4},"minecraft:dropped":{"minecraft:sweet_berries":10,"hexerei:sage_seed":1}},"DataVersion":2975}