{"stats":{"minecraft:custom":{"minecraft:time_since_rest":9728,"minecraft:deaths":1,"minecraft:crouch_one_cm":1056,"minecraft:play_time":57430,"minecraft:sprint_one_cm":175050,"minecraft:walk_one_cm":315884,"minecraft:damage_taken":820,"minecraft:damage_absorbed":101,"minecraft:sneak_time":140,"minecraft:walk_under_water_one_cm":759,"minecraft:drop":2,"minecraft:damage_dealt_resisted":83,"minecraft:jump":445,"minecraft:damage_dealt":801,"minecraft:walk_on_water_one_cm":1352,"minecraft:time_since_death":7042,"minecraft:total_world_time":57430,"minecraft:damage_dealt_absorbed":185,"minecraft:fly_one_cm":156070,"minecraft:fall_one_cm":6405,"minecraft:player_kills":3},"minecraft:killed_by":{"minecraft:player":1},"minecraft:used":{"minecraft:dirt":1,"minecraft:sweet_berries":41,"minecraft:bread":6,"epicfight:uchigatana":18},"minecraft:picked_up":{"hexerei:sage_seed":1,"minecraft:sweet_berries":59,"paraglider:spirit_orb":1,"minecraft:dirt":2},"minecraft:mined":{"minecraft:grass_block":1,"minecraft:dead_bush":1,"minecraft:sweet_berry_bush":20,"minecraft:ice":9,"minecraft:fern":4},"minecraft:dropped":{"minecraft:sweet_berries":10,"hexerei:sage_seed":1}},"DataVersion":2975}