{"stats":{"minecraft:custom":{"minecraft:time_since_rest":3502,"minecraft:deaths":2,"minecraft:crouch_one_cm":1056,"minecraft:play_time":69430,"minecraft:sprint_one_cm":241903,"minecraft:walk_one_cm":368626,"minecraft:damage_taken":1020,"minecraft:damage_absorbed":117,"minecraft:sneak_time":144,"minecraft:walk_under_water_one_cm":759,"minecraft:drop":3,"minecraft:damage_dealt_resisted":83,"minecraft:jump":628,"minecraft:damage_dealt":801,"minecraft:walk_on_water_one_cm":1352,"minecraft:time_since_death":3467,"minecraft:total_world_time":69430,"minecraft:damage_dealt_absorbed":185,"minecraft:fly_one_cm":225333,"minecraft:fall_one_cm":7717,"minecraft:player_kills":3},"minecraft:killed_by":{"minecraft:player":1},"minecraft:used":{"minecraft:dirt":1,"minecraft:sweet_berries":61,"minecraft:bread":6,"epicfight:uchigatana":18},"minecraft:picked_up":{"hexerei:sage_seed":1,"minecraft:bone":1,"minecraft:sweet_berries":91,"paraglider:spirit_orb":1,"minecraft:dirt":2},"minecraft:mined":{"minecraft:grass_block":1,"minecraft:dead_bush":1,"minecraft:sweet_berry_bush":20,"minecraft:ice":9,"minecraft:fern":4},"minecraft:dropped":{"minecraft:sweet_berries":10,"hexerei:sage_seed":1,"minecraft:bone":1}},"DataVersion":2975}