{"stats":{"minecraft:custom":{"minecraft:time_since_rest":21430,"minecraft:crouch_one_cm":826,"minecraft:play_time":21430,"minecraft:sprint_one_cm":56912,"minecraft:walk_one_cm":186905,"minecraft:damage_taken":290,"minecraft:damage_absorbed":4,"minecraft:sneak_time":122,"minecraft:drop":2,"minecraft:jump":118,"minecraft:damage_dealt":438,"minecraft:time_since_death":21430,"minecraft:total_world_time":21430,"minecraft:damage_dealt_absorbed":84,"minecraft:fly_one_cm":25247,"minecraft:fall_one_cm":209,"minecraft:player_kills":2},"minecraft:used":{"minecraft:dirt":1,"minecraft:sweet_berries":1,"minecraft:bread":5,"epicfight:uchigatana":6},"minecraft:picked_up":{"hexerei:sage_seed":1,"minecraft:sweet_berries":42,"paraglider:spirit_orb":1,"minecraft:dirt":1},"minecraft:mined":{"minecraft:dead_bush":1,"minecraft:sweet_berry_bush":18,"minecraft:fern":3},"minecraft:dropped":{"minecraft:sweet_berries":10,"hexerei:sage_seed":1}},"DataVersion":2975}