{"stats":{"minecraft:custom":{"minecraft:time_since_rest":4827,"champions:champion_mobs_killed":1,"minecraft:sprint_one_cm":79358,"minecraft:damage_taken":1367,"minecraft:walk_one_cm":173214,"minecraft:damage_blocked_by_shield":249,"minecraft:mob_kills":4,"minecraft:drop":13,"minecraft:damage_dealt":700,"minecraft:swim_one_cm":9903,"minecraft:interact_with_crafting_table":2,"minecraft:fly_one_cm":82308,"minecraft:player_kills":1,"minecraft:crouch_one_cm":6322,"minecraft:play_time":24282,"minecraft:deaths":3,"minecraft:sneak_time":717,"minecraft:walk_under_water_one_cm":6112,"minecraft:boat_one_cm":646,"minecraft:damage_dealt_resisted":262,"minecraft:jump":277,"minecraft:time_since_death":4755,"minecraft:walk_on_water_one_cm":1231,"minecraft:total_world_time":24282,"minecraft:fall_one_cm":7556},"minecraft:crafted":{"minecraft:spruce_boat":1,"minecraft:air":34},"minecraft:killed_by":{"minecraft:player":1,"minecraft:skeleton":1,"aquamirae:anglerfish":1},"minecraft:used":{"minecraft:spruce_boat":1,"minecraft:bread":6,"minecraft:shield":5,"magistuarmory:wood_morgenstern":15,"minecraft:rotten_flesh":1,"minecraft:sand":3,"minecraft:wooden_sword":61,"minecraft:sweet_berries":6,"minecraft:crafting_table":1},"minecraft:killed":{"minecraft:wolf":1,"aquamirae:anglerfish":1},"minecraft:picked_up":{"minecraft:sweet_berries":14,"aquamirae:anglers_fang":1,"minecraft:sand":5,"minecraft:spruce_sapling":6,"minecraft:spruce_log":7,"aquamirae:esca":1,"aquamirae:fin":1,"minecraft:rotten_flesh":1,"minecraft:bone":1,"minecraft:arrow":7},"minecraft:mined":{"minecraft:large_fern":6,"immersive_weathering:spruce_leaf_pile":4,"minecraft:sweet_berry_bush":9,"treechop:chopped_log":1,"minecraft:grass":3,"minecraft:sand":5},"minecraft:broken":{"minecraft:wooden_sword":1},"minecraft:dropped":{"minecraft:filled_map":1,"magistuarmory:wood_morgenstern":1,"minecraft:arrow":7,"minecraft:bone":1,"minecraft:stick":3}},"DataVersion":2975}