{"stats":{"minecraft:custom":{"minecraft:time_since_rest":7107,"champions:champion_mobs_killed":1,"minecraft:sprint_one_cm":94600,"minecraft:damage_taken":1723,"minecraft:walk_one_cm":186907,"minecraft:damage_blocked_by_shield":249,"minecraft:mob_kills":4,"minecraft:drop":13,"minecraft:damage_dealt":1035,"minecraft:swim_one_cm":9903,"minecraft:interact_with_crafting_table":4,"minecraft:fly_one_cm":106523,"minecraft:player_kills":1,"minecraft:crouch_one_cm":6485,"minecraft:play_time":36282,"minecraft:deaths":4,"minecraft:sneak_time":779,"minecraft:walk_under_water_one_cm":8613,"minecraft:boat_one_cm":1790,"minecraft:damage_dealt_resisted":262,"minecraft:jump":408,"minecraft:time_since_death":7040,"minecraft:walk_on_water_one_cm":7833,"minecraft:total_world_time":36282,"minecraft:fall_one_cm":9019},"minecraft:crafted":{"minecraft:wooden_sword":1,"minecraft:crafting_table":1,"minecraft:wooden_axe":1,"minecraft:spruce_boat":1,"minecraft:air":39},"minecraft:killed_by":{"minecraft:vindicator":1,"minecraft:player":1,"minecraft:skeleton":1,"aquamirae:anglerfish":1},"minecraft:used":{"minecraft:spruce_boat":2,"minecraft:spruce_slab":1,"minecraft:bread":6,"minecraft:shield":5,"magistuarmory:wood_morgenstern":15,"minecraft:rotten_flesh":1,"minecraft:sand":5,"minecraft:wooden_sword":117,"minecraft:sweet_berries":14,"minecraft:crafting_table":2},"minecraft:killed":{"minecraft:wolf":1,"aquamirae:anglerfish":1},"minecraft:picked_up":{"minecraft:sweet_berries":16,"aquamirae:anglers_fang":1,"minecraft:sand":5,"minecraft:spruce_sapling":6,"minecraft:spruce_log":7,"aquamirae:esca":1,"aquamirae:fin":1,"minecraft:rotten_flesh":1,"minecraft:bone":1,"minecraft:arrow":7,"minecraft:spruce_planks":5,"minecraft:spruce_slab":1},"minecraft:mined":{"minecraft:large_fern":6,"minecraft:spruce_planks":5,"immersive_weathering:spruce_leaf_pile":4,"minecraft:sweet_berry_bush":10,"treechop:chopped_log":1,"minecraft:grass":3,"minecraft:sand":5,"minecraft:spruce_slab":1},"minecraft:broken":{"minecraft:wooden_sword":1},"minecraft:dropped":{"minecraft:filled_map":1,"magistuarmory:wood_morgenstern":1,"minecraft:arrow":7,"minecraft:bone":1,"minecraft:stick":3}},"DataVersion":2975}