{"stats":{"minecraft:custom":{"minecraft:time_since_rest":10664,"minecraft:sneak_time":81,"minecraft:crouch_one_cm":702,"minecraft:play_time":12282,"minecraft:sprint_one_cm":18797,"minecraft:walk_one_cm":61359,"minecraft:damage_taken":358,"minecraft:deaths":1,"minecraft:damage_blocked_by_shield":249,"minecraft:mob_kills":3,"minecraft:drop":6,"minecraft:jump":72,"minecraft:damage_dealt":299,"minecraft:time_since_death":10633,"minecraft:total_world_time":12282,"minecraft:fall_one_cm":2461,"minecraft:fly_one_cm":19265},"minecraft:killed_by":{"minecraft:skeleton":1},"minecraft:used":{"minecraft:rotten_flesh":1,"magistuarmory:wood_morgenstern":15,"minecraft:shield":5},"minecraft:killed":{"minecraft:wolf":1},"minecraft:picked_up":{"minecraft:arrow":4,"minecraft:bone":1,"minecraft:rotten_flesh":1,"minecraft:spruce_sapling":6,"minecraft:spruce_log":7},"minecraft:mined":{"minecraft:large_fern":2,"immersive_weathering:spruce_leaf_pile":4,"treechop:chopped_log":1},"minecraft:dropped":{"minecraft:arrow":4,"magistuarmory:wood_morgenstern":1,"minecraft:bone":1}},"DataVersion":2975}