{"stats":{"minecraft:custom":{"minecraft:time_since_rest":1024,"champions:champion_mobs_killed":3,"minecraft:sprint_one_cm":152067,"minecraft:damage_absorbed":70,"minecraft:damage_taken":1043,"minecraft:walk_one_cm":257880,"minecraft:mob_kills":14,"minecraft:drop":2,"minecraft:damage_dealt":1813,"minecraft:fly_one_cm":30314,"minecraft:crouch_one_cm":589,"minecraft:play_time":45926,"minecraft:deaths":4,"minecraft:sneak_time":132,"minecraft:walk_under_water_one_cm":7353,"minecraft:jump":345,"minecraft:time_since_death":937,"minecraft:walk_on_water_one_cm":12940,"minecraft:total_world_time":45926,"minecraft:fall_one_cm":8252},"minecraft:killed_by":{"minecraft:player":2,"aquamirae:anglerfish":1,"minecraft:pillager":1},"minecraft:used":{"aquamirae:esca":1,"minecraft:chicken":1,"minecraft:bread":6,"aquamirae:fin":1,"epicfight:stone_greatsword":42,"minecraft:beef":3,"minecraft:sweet_berries":16,"minecraft:pumpkin":1},"minecraft:killed":{"dannys_expansion:mundane_slime":1,"minecraft:wolf":4,"minecraft:pig":3,"aquamirae:anglerfish":1,"minecraft:chicken":1,"lilwings:aponi_butterfly":2,"restored_earth:bouldering_zombie":1,"minecraft:cow":1},"minecraft:picked_up":{"minecraft:chicken":1,"minecraft:sweet_berries":12,"minecraft:pumpkin":1,"minecraft:leather":1,"aquamirae:anglers_fang":1,"minecraft:sand":24,"paraglider:spirit_orb":1,"minecraft:porkchop":4,"aquamirae:esca":1,"aquamirae:fin":1,"hexerei:sage_seed":3,"minecraft:rotten_flesh":1,"minecraft:beef":3},"minecraft:mined":{"minecraft:podzol":1,"minecraft:sweet_berry_bush":6,"minecraft:ice":1,"minecraft:pumpkin":1,"minecraft:grass":2,"minecraft:sand":3,"minecraft:spruce_leaves":1,"minecraft:fern":2},"minecraft:dropped":{"hexerei:sage_seed":2}},"DataVersion":2975}