{"stats":{"minecraft:custom":{"minecraft:time_since_rest":2389,"minecraft:crouch_one_cm":589,"minecraft:walk_one_cm":146803,"minecraft:play_time":33926,"minecraft:sprint_one_cm":72928,"minecraft:damage_taken":836,"minecraft:damage_absorbed":70,"minecraft:deaths":3,"minecraft:sneak_time":132,"minecraft:walk_under_water_one_cm":3490,"minecraft:mob_kills":6,"minecraft:jump":164,"minecraft:damage_dealt":1097,"minecraft:walk_on_water_one_cm":335,"minecraft:time_since_death":2329,"minecraft:total_world_time":33926,"minecraft:fall_one_cm":4861,"minecraft:fly_one_cm":7470},"minecraft:killed_by":{"aquamirae:anglerfish":1,"minecraft:player":2},"minecraft:used":{"minecraft:sweet_berries":14,"minecraft:bread":6,"epicfight:stone_greatsword":28},"minecraft:killed":{"minecraft:wolf":1,"lilwings:aponi_butterfly":2,"minecraft:pig":3},"minecraft:picked_up":{"hexerei:sage_seed":1,"minecraft:sweet_berries":12,"minecraft:porkchop":4,"paraglider:spirit_orb":1,"minecraft:sand":1},"minecraft:mined":{"minecraft:podzol":1,"minecraft:grass":2,"minecraft:sand":3,"minecraft:ice":1,"minecraft:sweet_berry_bush":6,"minecraft:spruce_leaves":1,"minecraft:fern":2}},"DataVersion":2975}