{"stats":{"minecraft:custom":{"minecraft:time_since_rest":4823,"champions:champion_mobs_killed":6,"minecraft:sprint_one_cm":188066,"minecraft:damage_absorbed":109,"minecraft:damage_taken":1908,"minecraft:walk_one_cm":317206,"minecraft:mob_kills":17,"minecraft:drop":2,"minecraft:damage_dealt":3274,"minecraft:fly_one_cm":38615,"minecraft:player_kills":1,"minecraft:crouch_one_cm":670,"minecraft:play_time":58868,"minecraft:deaths":7,"minecraft:sneak_time":147,"minecraft:walk_under_water_one_cm":9070,"minecraft:jump":446,"minecraft:leave_game":1,"minecraft:time_since_death":0,"minecraft:walk_on_water_one_cm":17335,"minecraft:total_world_time":58868,"minecraft:fall_one_cm":8879},"minecraft:killed_by":{"minecraft:player":3,"aquamirae:anglerfish":3,"minecraft:pillager":1},"minecraft:used":{"aquamirae:esca":2,"minecraft:chicken":1,"minecraft:bread":6,"aquamirae:fin":2,"epicfight:stone_greatsword":61,"minecraft:sand":10,"minecraft:beef":3,"minecraft:sweet_berries":16,"minecraft:pumpkin":1},"minecraft:killed":{"dannys_expansion:mundane_slime":1,"minecraft:wolf":4,"minecraft:zombie":1,"minecraft:pig":3,"aquamirae:anglerfish":3,"minecraft:chicken":1,"lilwings:aponi_butterfly":2,"restored_earth:bouldering_zombie":1,"minecraft:cow":1},"minecraft:picked_up":{"minecraft:chicken":1,"minecraft:sweet_berries":12,"minecraft:pumpkin":1,"minecraft:leather":1,"minecraft:brown_mushroom":1,"aquamirae:anglers_fang":1,"minecraft:sand":43,"paraglider:spirit_orb":1,"minecraft:porkchop":4,"aquamirae:esca":3,"aquamirae:fin":4,"hexerei:sage_seed":3,"minecraft:arrow":1,"minecraft:rotten_flesh":2,"minecraft:beef":3},"minecraft:mined":{"minecraft:podzol":1,"minecraft:brown_mushroom":1,"minecraft:sweet_berry_bush":6,"minecraft:ice":1,"minecraft:pumpkin":1,"minecraft:grass":2,"minecraft:sand":22,"minecraft:spruce_leaves":1,"minecraft:fern":2},"minecraft:dropped":{"hexerei:sage_seed":2}},"DataVersion":2975}