{"stats":{"minecraft:custom":{"minecraft:time_since_rest":1606,"minecraft:crouch_one_cm":589,"minecraft:walk_one_cm":99907,"minecraft:play_time":21926,"minecraft:sprint_one_cm":40520,"minecraft:damage_taken":486,"minecraft:damage_absorbed":70,"minecraft:deaths":2,"minecraft:sneak_time":132,"minecraft:mob_kills":2,"minecraft:jump":86,"minecraft:damage_dealt":450,"minecraft:time_since_death":1573,"minecraft:total_world_time":21926,"minecraft:fall_one_cm":1859,"minecraft:fly_one_cm":4040},"minecraft:killed_by":{"minecraft:player":2},"minecraft:used":{"minecraft:sweet_berries":12,"minecraft:bread":6,"epicfight:stone_greatsword":20},"minecraft:killed":{"minecraft:wolf":1,"minecraft:pig":1},"minecraft:picked_up":{"hexerei:sage_seed":1,"minecraft:sweet_berries":10,"minecraft:porkchop":1,"paraglider:spirit_orb":1,"minecraft:sand":1},"minecraft:mined":{"minecraft:podzol":1,"minecraft:grass":2,"minecraft:sand":3,"minecraft:sweet_berry_bush":6,"minecraft:spruce_leaves":1,"minecraft:fern":2}},"DataVersion":2975}